gene,p_val,avg_log2FC,pct.1,pct.2,p_val_adj
Gkn3,4.52693259905124e-22,-1.23473622323822,0.561,0.714,8.01493416662022e-18
Jund,4.00000853927142e-26,-0.713763702085333,0.8,0.882,7.08201511878004e-22
Cobll1,4.43649367591379e-26,-0.502815314187261,0.792,0.893,7.8548120532053595e-22
Tubb4b,1.4646278310483899e-18,-0.466048239060693,0.558,0.733,2.59312357487117e-14
Cldn5,8.528371835937631e-52,-0.460467522173957,0.997,0.998,1.5099482335527601e-47
Bsg,1.8738875884783e-23,-0.359427779318458,0.997,0.998,3.3177179754008304e-19
Egfl7,3.23676766949534e-17,-0.26694959358108,0.986,0.991,5.73069715884149e-13
Slc6a6,5.606218016002001e-17,-0.259269977632697,0.983,0.994,9.92580899733154e-13
H3f3a,5.63382574450651e-18,-0.252869464941933,0.979,0.982,9.97468848064877e-14
